# Tranco list_id V3JQN, created_on 2026-08-01T22:00:02Z, 30-day dowdall over crux+farsight+majestic+radar+umbrella
# source: https://tranco-list.eu/download/V3JQN/1000000  (sha256 of the fetched CSV recorded in docs/step0c-hb-ru-market-study-2026-08-18.md)
# RULE: every registrable domain in the top 50000 whose TLD is .ru / .su / .xn--p1ai. Nothing hand-picked, nothing removed.
# This is the UNIVERSE, not the frame. The frame is this file filtered by the probe in the same doc; both the kept and the dropped are published.
rank	domain
13	mail.ru
18	dzen.ru
93	nic.ru
98	yandex.ru
104	okcdn.ru
134	vkuserphoto.ru
148	reg.ru
160	yccdn.ru
175	mts.ru
203	ozon.ru
233	vk.ru
239	wildberries.ru
244	geobasket.ru
291	telecid.ru
297	mangosip.ru
310	ok.ru
324	drom.ru
360	crpt.ru
370	selectel.ru
377	vkontakte.ru
392	ivi.ru
406	netangels.ru
431	tld-servers.ru
443	sberbank.ru
457	edgecdn.ru
458	adriver.ru
474	gosuslugi.ru
545	timeweb.ru
563	imgsmail.ru
574	avito.ru
607	wb.ru
615	cdnvideo.ru
650	ozone.ru
674	consultant.ru
700	bitrix24.ru
703	ya.ru
711	rt.ru
721	magnit.ru
750	cdn-vk.ru
783	wbbasket.ru
828	mhverifier.ru
833	dbankcloud.ru
865	cmediahub.ru
909	dtkn.ru
920	kontur.ru
948	rutube.ru
968	rtbcdn.ru
1015	stbid.ru
1019	vk-analytics.ru
1042	rambler.ru
1116	sf-cloud.ru
1135	t-bank-app.ru
1141	alrosa.ru
1146	pikabu.ru
1160	megafon.ru
1163	rbc.ru
1169	gismeteo.ru
1206	tabor.ru
1209	ad-tech.ru
1244	oneme.ru
1315	russianpost.ru
1326	beboo.ru
1347	edna.ru
1391	mangabuff.ru
1400	tbank.ru
1530	tinkoff.ru
1557	dns-shop.ru
1596	imgsrc.ru
1612	1c.ru
1704	google.ru
1754	hh.ru
1821	max.ru
1845	firstvds.ru
1852	gdemoideti.ru
1855	rustore.ru
1883	vtb.ru
1884	jino.ru
1898	beeline.ru
1929	0123tt.ru
1964	sweb.ru
1984	123tt.ru
2008	hwcdn.ru
2030	giex.ru
2038	amocrm.ru
2045	magonet.ru
2049	cdek.ru
2051	mindbox.ru
2080	2gis.ru
2124	clients-cdnnow.ru
2179	mos.ru
2223	serving-sys.ru
2225	ria.ru
2239	beget.ru
2260	tutu.ru
2297	kinopoisk.ru
2356	smi2.ru
2362	vkvideo.ru
2370	linkis.ru
2429	vkuseraudio.ru
2431	futbol-libres.su
2439	x5.ru
2463	mwscdn.ru
2489	mirtesen.ru
2503	roskazna.ru
2506	ucoz.ru
2563	vp3n.ru
2573	rostelecom.ru
2640	hostingradio.ru
2651	spb.ru
2663	raiffeisen.ru
2670	spaceweb.ru
2719	alfabank.ru
2765	supercdn.ru
2779	apptracer.ru
2796	saby.ru
2882	narod.ru
2911	rosminzdrav.ru
2928	ihc.ru
2958	hoster.ru
2961	sbis.ru
2974	t2.ru
3058	sberdevices.ru
3070	atsenergo.ru
3128	lenta.ru
3146	likeevideo.ru
3175	pp.ru
3221	profi.ru
3228	rian.ru
3237	futbol-libre.su
3247	test-uz.ru
3295	tokeon.ru
3320	rzd.ru
3322	iz.ru
3335	mfms.ru
3341	aeroflot.ru
3428	nalog.ru
3434	macomnet.ru
3448	cbr.ru
3471	org.ru
3501	betcity.ru
3503	selcloud.ru
3529	net.ru
3626	sprinthost.ru
3651	matchtv.ru
3652	garant.ru
3675	vseinstrumenti.ru
3703	ktalk.ru
3726	tass.ru
3727	cian.ru
3732	banki.ru
3737	whost-solutions.ru
3882	samokat.ru
3890	protek.ru
3912	servicepipe.ru
3915	mgts.ru
3925	finam.ru
3938	playfamily.ru
3950	kp.ru
3962	insales.ru
3979	aif.ru
3995	bngf.ru
4003	vkusvill.ru
4006	tns-counter.ru
4033	fotostrana.ru
4088	alltel24.ru
4098	dzeninfra.ru
4100	vkplay.ru
4121	onlinepbx.ru
4145	stocrm.ru
4192	ugtelset.ru
4221	voskhod.ru
4249	mk.ru
4303	sports.ru
4309	adfox.ru
4319	goldapple.ru
4362	uxfeedback.ru
4402	cbrpay.ru
4420	pik.ru
4425	aliexpress.ru
4467	hse.ru
4475	sendsay.ru
4535	gslbnspk.ru
4582	sovcombank.ru
4583	aviasales.ru
4585	litres.ru
4598	gazprombank.ru
4626	bspb.ru
4652	jivo.ru
4678	liveinternet.ru
4708	pochta.ru
4736	ertelecom.ru
4763	rg.ru
4830	videonow.ru
4844	nag.ru
4863	kremlin.ru
4868	abcp.ru
4869	msu.ru
4892	rusprofile.ru
4893	kommersant.ru
4947	cloudrc.ru
4982	vc.ru
4993	yandex-team.ru
5048	drive2.ru
5058	kion.ru
5061	thepoizon.ru
5082	kvant-telecom.ru
5112	atol.ru
5117	interfax.ru
5146	myrostelecom.ru
5152	farpost.ru
5241	vedomosti.ru
5251	tw1.ru
5282	ix.ru
5289	azbyka.ru
5375	sber.ru
5453	nashjournal.ru
5480	ufanet.ru
5481	sintecgroup.ru
5487	rshb.ru
5519	zonatelecom.ru
5545	1tv.ru
5552	radiopotok.ru
5561	weborama-tech.ru
5596	nspk.ru
5643	aqsi.ru
5712	sape.ru
5728	mcx.ru
5739	hikvision-cctv.su
5745	domru.ru
5813	sportbox.ru
5824	apiblink.ru
5838	mango-office.ru
5915	pro32connect.ru
5918	cmd.su
6025	hiddenvpn.ru
6027	vdsina.ru
6034	digitaltarget.ru
6057	ibscorp.ru
6077	auto.ru
6078	msk.ru
6097	planfix.ru
6098	mtu.ru
6101	stroyserviceru.ru
6108	cgood.ru
6125	rutarget.ru
6174	prosv.ru
6199	cdn-tinkoff.ru
6210	dellin.ru
6214	adplay.ru
6245	playtopgames.ru
6272	sportsapi.ru
6332	tander.ru
6335	mvideo.ru
6336	playground.ru
6345	punchmedia.ru
6357	irecommend.ru
6398	odnoklassniki.ru
6423	ugsk.ru
6430	orangedata.ru
6494	gazeta.ru
6511	yutex.ru
6523	phosagro.ru
6525	firstbytedns.ru
6540	o3.ru
6548	mlrnd.ru
6554	smotrim.ru
6559	news.ru
6600	ottgoods.ru
6622	sbercloud.ru
6648	ntv.ru
6650	mtproto.ru
6685	stihi.ru
6689	eapteka.ru
6768	winline.ru
6811	oos.ru
6870	lamoda.ru
6890	taxtelecom.ru
6941	playgamesonline.ru
6964	tmweb.ru
7007	kino-teatr.ru
7008	solidbroker.ru
7043	emgsound.ru
7163	gov.ru
7170	rosneft.ru
7181	mrgcdn.ru
7192	prodoctorov.ru
7212	smartape.ru
7232	cloud.ru
7312	aniwaves.ru
7329	mediavitrina.ru
7355	yadro.ru
7369	1cbit.ru
7394	clck.ru
7458	mts-nn.ru
7477	adtec.ru
7484	dbankcdn.ru
7510	playnewgames.ru
7518	ngenix-dns.ru
7565	tele2.ru
7567	moneta.ru
7579	bk6bba-resources.ru
7594	galaxydata.ru
7669	heroeswm.ru
7685	xbox-dns.ru
7687	opendsp.ru
7708	t-static.ru
7734	jet.su
7751	iamcook.ru
7765	soccer365.ru
7773	yuga.ru
7788	keenetic.ru
7802	fastpic.ru
7803	linkssp.ru
7806	paykeeper.ru
7827	kazanexpress.ru
7889	mpsuadv.ru
7904	egais.ru
7947	domclick.ru
7967	championat.ru
8000	novotelecom.ru
8109	minecraft-inside.ru
8172	forbes.ru
8227	beta-bank.ru
8277	litmarket.ru
8421	majordomo.ru
8457	popcornnews.ru
8489	wartank.ru
8606	r-line.ru
8721	uchi.ru
8785	yoomoney.ru
8808	sefan.ru
8867	sbrf.ru
8883	skbkontur.ru
8896	evotor.ru
8969	sinn.ru
8984	airee.ru
9033	hibiny.ru
9035	network-lc.ru
9038	litgorod.ru
9209	lesta.ru
9238	avidreaders.ru
9251	ngs.ru
9253	corppn.ru
9462	litboom.ru
9542	facct.ru
9625	s7.ru
9706	avsee.ru
9709	gpb.ru
9841	ruso-turist.ru
9912	mil.ru
9982	playwekings.ru
9991	mir-chitki.ru
10003	megoplan.ru
10113	t-bank-app.su
10145	livetex.ru
10147	retailrocket.ru
10286	1gb.ru
10289	dtln.ru
10295	fr.ru
10322	huawei.ru
10424	getcourse.ru
10437	rees46.ru
10439	udmr.ru
10452	pravda.ru
10460	host-food.ru
10478	klerk.ru
10564	o3t.ru
10581	amurobl.ru
10602	gid.ru
10622	rp5.ru
10665	qqq-ttss.su
10674	omni.ru
10689	sutochno.ru
10697	myinsales.ru
10736	hsmedia.ru
10828	sport-express.ru
10838	megagroup.ru
10842	kmv.ru
10848	nso.ru
10849	gnezdo.ru
10851	mchs.ru
10891	bki-okb.ru
10904	ingos.ru
10983	nsc.ru
10984	akbars.ru
11043	tekta.ru
11123	tomsk.ru
11162	ftc.ru
11175	crazedns.ru
11192	masterhost.ru
11232	tradesoft.ru
11243	openssp.ru
11251	huntflow.ru
11275	tmiaf.ru
11290	hostland.ru
11360	studilka.ru
11370	profinance.ru
11409	lenreg.ru
11469	mamba.ru
11490	mosreg.ru
11545	b2b-center.ru
11547	calltouch.ru
11570	sputnik.ru
11573	dsname.ru
11579	naumen.ru
11581	fontanka.ru
11610	e1.ru
11630	tiwar.ru
11637	com.ru
11653	er.ru
11677	q0.ru
11687	uiscom.ru
11712	edgedns.ru
11821	croc.ru
11831	3dnews.ru
11866	rospotrebnadzor.ru
11867	tanki.su
11907	is74.ru
11922	rfn.ru
11926	rttv.ru
11930	action-media.ru
11944	galaxycloud.ru
11991	crptech.ru
11995	adrtun.ru
11996	komus.ru
12067	dtf.ru
12076	mid.ru
12165	123tor.ru
12196	t1-cloud.ru
12226	1c-bitrix.ru
12233	bitmaster.ru
12251	detmir.ru
12302	stoloto.ru
12311	1cupis.ru
12366	myoffice.ru
12394	happ.su
12397	loveplanet.ru
12425	tmn141246.ru
12473	webinar.ru
12530	isimple.ru
12574	attachmail.ru
12609	cloudpayments.ru
12621	imchip.ru
12639	trueconf.ru
12721	sudrf.ru
12736	icmp0.ru
12797	ligastavok.ru
12864	yandex-net.ru
12867	hexawall.ru
13034	valuehost.ru
13044	kill-bot.ru
13061	iql.ru
13091	mastername.ru
13104	huaweicloud-dns.ru
13130	government.ru
13145	justhost.ru
13155	mirconnect.ru
13199	123rutor.su
13216	radikal.ru
13227	psbank.ru
13228	lemanapro.ru
13235	zr.ru
13240	vesti.ru
13245	storeland.ru
13246	ati.su
13336	webim.ru
13347	inn.ru
13360	mkb.ru
13364	blogspot.ru
13411	bcs.ru
13426	5-tv.ru
13444	academic.ru
13448	betboom.ru
13483	domenus.ru
13493	topwar.ru
13497	vz.ru
13524	samoletplus.ru
13547	aerdns.ru
13562	hr-link.ru
13597	sima-land.ru
13708	trace-flow.ru
13762	kwork.ru
13780	espritgames.ru
13865	woman.ru
13901	batmanapollo.ru
13904	permkrai.ru
13925	spd-mgts.ru
13938	mirapolis.ru
14008	samregion.ru
14013	librepelota.su
14061	cnews.ru
14117	onthestage.ru
14136	ibaldr.ru
14216	mtsbank.ru
14239	bank-hlynov.ru
14289	mcn.ru
14294	gu-st.ru
14295	asna.ru
14303	skyeng.ru
14342	taxcom.ru
14349	adservings.ru
14383	vniiftri.ru
14411	redspell.ru
14435	ecnl.ru
14446	normbot.ru
14448	dontworry.su
14482	volganet.ru
14484	foxkitcloud.ru
14502	trudvsem.ru
14506	roszdravnadzor.ru
14528	rigla.ru
14541	barbars.ru
14550	sportmaster.ru
14605	tensor.ru
14610	rsl.ru
14631	selstorage.ru
14641	petrovich.ru
14644	5ka.ru
14714	amur-cit.ru
14744	zoon.ru
14802	cryptopro.ru
14805	gastronom.ru
14809	cyberleninka.ru
14963	3ddd.ru
15004	moviead55.ru
15047	lot-online.ru
15073	simplecloud.ru
15080	khl.ru
15121	auchan.ru
15128	smartcallback.ru
15177	salute.ru
15186	goznak.ru
15188	ya-content.ru
15282	efko.ru
15286	streamimdb.ru
15304	servicecdn.ru
15308	otpbank.ru
15341	spbu.ru
15353	cikrf.ru
15360	t72.ru
15380	livelib.ru
15394	fitorf.ru
15402	servionica.ru
15418	moysklad.ru
15420	perekrestok.ru
15431	dpd.ru
15455	crazypanda.ru
15474	myhuaweicloud.ru
15486	starline.ru
15497	admhmao.ru
15502	zt.ru
15538	nsu.ru
15586	langame.ru
15603	rosatom.ru
15606	afisha.ru
15633	tgstat.ru
15652	vgtimes.ru
15698	dnevnik.ru
15720	notamedia.ru
15777	drugvokrug.ru
15798	letu.ru
15823	kuper.ru
15841	culture.ru
15890	lib.ru
15927	superjob.ru
15969	poig.ru
15977	bloombergia.ru
16014	selcdn.ru
16030	axex.ru
16068	one-dns.ru
16071	mosmedzdrav.ru
16091	sport24.ru
16092	mephi.ru
16136	stratum2.ru
16149	mtu-net.ru
16156	ht-systems.ru
16184	x5media.ru
16196	cntd.ru
16210	cit-23.ru
16214	labirint.ru
16238	megapbx.ru
16310	gloryads.ru
16324	bfm.ru
16328	gazprom-neft.ru
16335	apteka.ru
16400	tourvisor.ru
16436	pik-service.ru
16437	belregion.ru
16505	urfu.ru
16528	ispringlearn.ru
16549	vaz.ru
16575	citilink.ru
16576	datacloudmail.ru
16598	cainet.ru
16609	timepad.ru
16614	rbk.ru
16640	citrt.ru
16645	matrp.ru
16659	sitesoft.ru
16693	samolet.ru
16705	locum.ru
16715	novatek.ru
16718	kamaz.ru
16735	adminvps.ru
16738	tcsbank.ru
16758	funtime.su
16761	ontvtime.ru
16780	sknt.ru
16825	zsttk.ru
16826	unicredit.ru
16877	randewoo.ru
16883	benzuber.ru
16899	yota.ru
16920	elibrary.ru
16922	rts-tender.ru
16933	arbitr.ru
16940	fcdynamo.ru
16959	sdsys.ru
16971	cdn-cian.ru
17000	sibnet.ru
17003	hts.ru
17051	biisk.ru
17115	marquiz.ru
17161	absolutbank.ru
17169	mts-link.ru
17290	naked-science.ru
17298	obr55.ru
17316	utorria.ru
17323	life.ru
17342	nix.ru
17414	skorozvon.ru
17432	electro-com.ru
17436	mbrd.ru
17442	inventos.ru
17454	pb06e2-resources.ru
17500	relcomhost.ru
17543	seasonvar.ru
17568	goo.su
17580	ilogy.ru
17604	ihead.ru
17665	qwarta.ru
17672	pkb.ru
17691	insalesteam.ru
17706	yarnet.ru
17729	bitmen.ru
17789	rulate.ru
17807	devmail.ru
17829	novofon.ru
17830	101.ru
17844	imedia.ru
17858	fatum.ru
17876	aoglonass.ru
17882	uteka.ru
17883	frontol.ru
17947	cldmail.ru
17974	sportmail.ru
17989	tanksblitz.ru
17993	ostrovok.ru
17997	wink.ru
18041	ufs-online.ru
18053	nox.ru
18066	cpkservice.ru
18074	travelline.ru
18099	soc-club.ru
18100	jut.su
18160	beelinegprs.ru
18201	yaklass.ru
18236	telphin.ru
18249	tektorg.ru
18305	film.ru
18335	regnum.ru
18349	kaspersky.ru
18350	botfaqtor.ru
18359	dixy.ru
18362	optmarketshali.ru
18381	rssi.ru
18391	pik-digital.ru
18411	ras.ru
18422	bashtel.ru
18444	iportal.ru
18470	unicontext.ru
18506	alta.ru
18511	segmento.ru
18515	mchost.ru
18528	r01.ru
18538	comagic.ru
18561	izap24.ru
18580	tatarstan.ru
18620	livemaster.ru
18637	clan.su
18660	mossport.ru
18665	ntdb.su
18668	ponyexpress.ru
18695	szimc.ru
18743	lotus-dsp.ru
18749	fortum.ru
18750	krebson.ru
18775	proxit.ru
18804	keydisk.ru
18829	vl.ru
18853	sdamgia.ru
18877	ng.ru
18881	netcraze.ru
18885	v2z.ru
18946	tatneft.ru
18974	2ip.ru
18981	trashbox.ru
19004	tatar.ru
19022	naukanet.ru
19040	np-sr.ru
19043	burgerkingrus.ru
19087	flexbe.ru
19089	polymetal.ru
19105	3d-galleru.ru
19124	docdoc.ru
19219	onetarget.ru
19233	my-ihor.ru
19239	fc-zenit.ru
19326	video-mech.ru
19357	sblogistica.ru
19358	global-hotspot.ru
19418	gpmdata.ru
19422	misp.ru
19440	rudn.ru
19446	ru-tld.ru
19501	bnovo.ru
19534	izbirkom.ru
19566	sravni.ru
19572	xn--b1aew.xn--p1ai
19578	1c-cabinet.ru
19583	youla.ru
19605	freedom1.ru
19625	railsc.ru
19715	roseltorg.ru
19728	wfolio.ru
19776	nethouse.ru
19823	rmrp.ru
19848	mtt.ru
19850	ctc.ru
19880	slweb.ru
19896	taximaxim.ru
19906	kodakbot.ru
19927	astrum-play.ru
19937	ttk.ru
19951	business-gazeta.ru
19967	aladdin-rd.ru
19974	inosmi.ru
19985	np-internal.ru
20011	metcom.ru
20100	invitro.ru
20114	lmcdn.ru
20152	inmyroom.ru
20182	pstu.ru
20186	informatic.ru
20189	nornik.ru
20212	tripadvisor.ru
20245	fabrikant.ru
20254	ntelecom.ru
20270	c2dns.ru
20272	mvd.ru
20277	sitnet.ru
20323	wildred.ru
20336	sfn-am.ru
20374	my1.ru
20387	cyberprotect.ru
20389	apteka-aprel.ru
20439	yar.ru
20450	maksavit.ru
20464	vkcloud-storage.ru
20470	rocketnetwork.ru
20473	hydrahd.ru
20499	3dn.ru
20534	adlooxtracking.ru
20537	vimpelcom.ru
20557	tsu.ru
20596	mosmetro.ru
20630	joom.ru
20692	forum24.ru
20720	pushed.ru
20790	megamarket.ru
20792	overclockers.ru
20795	rudesktop.ru
20831	kassir.ru
20846	registrant.ru
20862	isnet.ru
20942	konkurent.ru
20960	rsnx.ru
20984	centre.ru
21000	sigmaparking.ru
21092	cardsmobile.ru
21095	ad-cdek.ru
21115	inappstory.ru
21160	otdelit.ru
21207	mecom.ru
21223	perm.ru
21236	pelotalibretv.su
21251	svoevse.ru
21263	mangahub.ru
21269	gdz.ru
21346	rqch.ru
21358	lifehacker.ru
21361	ruwiki.ru
21389	rabota.ru
21402	sipnet.ru
21403	lipetsknews.ru
21432	domengood.ru
21493	expf.ru
21506	5mod.ru
21541	netexpert.ru
21547	top100.ru
21566	kubtel.ru
21643	tinkoffinsurance.ru
21726	taxsee.ru
21737	bget.ru
21790	secret-folder.ru
21811	esphere.ru
21824	novayagazeta.ru
21878	so-ups.ru
21900	t1.ru
21921	csat.ru
21938	prochepetsk.ru
21965	progoroduhta.ru
21993	nomerogram.ru
22007	twcstorage.ru
22058	infobox.ru
22093	rarus.ru
22121	cb-24.ru
22209	1-ofd.ru
22247	alfastrah.ru
22256	ozna.ru
22282	start.ru
22359	ateve.ru
22373	tpserv.ru
22412	rgs.ru
22670	rossko.ru
22747	fcdm.ru
22841	payanyway.ru
22871	unicomics.ru
23031	fvds.ru
23089	gazprom.ru
23203	regrucolo.ru
23229	rusklimat.ru
23249	igooods.ru
23350	vuzopedia.ru
23357	t817smgn6zs.ru
23404	gameinstaller.ru
23507	solidinvest.ru
23510	callibri.ru
23557	edinos.ru
23696	legendsgame.ru
23852	sputniknews.ru
23875	is-mis.ru
23883	flavii.ru
23934	xsph.ru
23935	clientbase.ru
23948	soloway.ru
23990	rosreestr.ru
23995	mediatoday.ru
24000	vtbbo.ru
24022	otclick-adv.ru
24032	truenetwork.ru
24055	glavbukh.ru
24060	iptvportal.ru
24096	yanao.ru
24097	whiteboxdigital.ru
24161	handyhost.ru
24197	monetka.ru
24200	tmn-obl.ru
24264	gals-telecom.ru
24306	bizkub.ru
24322	mirtv.ru
24334	me-talk.ru
24348	rin.ru
24363	euroauto.ru
24370	moy.su
24394	catsnetwork.ru
24398	travelata.ru
24411	proza.ru
24422	fips.ru
24426	interros.ru
24438	rtcloud.ru
24457	t-j.ru
24498	di-net.ru
24505	211.ru
24522	gdz-raketa.ru
24599	gdebenz.ru
24605	expert.ru
24645	kupibilet.ru
24647	lanit.ru
24664	directcrm.ru
24686	mediadash.ru
24744	vpn48.ru
24785	21-school.ru
24854	mironline.ru
24872	nevosoft.ru
24885	showjet.ru
24921	habrahabr.ru
24957	rgo.ru
24982	karelia.ru
25001	ecopsy.ru
25107	subscribe.ru
25123	itgroup69.ru
25136	webstroy.ru
25145	tvzavr.ru
25148	guu.ru
25161	mybook.ru
25165	q11.ru
25175	secget.ru
25202	baltbet.ru
25211	statmedia.ru
25226	dostavista.ru
25315	cap.ru
25328	efsystem.ru
25339	hsdrn.ru
25376	km.ru
25390	pecom.ru
25489	nloto.ru
25502	tricolor.ru
25514	rosbalt.ru
25622	tpu.ru
25629	rosseti.ru
25635	rosmintrud.ru
25704	nnov.ru
25723	1gt.ru
25744	itmo.ru
25762	bashkortostan.ru
25767	webmoney.ru
25781	thevoicemag.ru
25807	autotrade.su
25819	mirea.ru
25822	runnet.ru
25831	ranepa.ru
25832	hostiman.ru
25835	drive-data.ru
25847	goodoo.ru
25851	megapteka.ru
25912	samoletgroup.ru
25913	vbrr.ru
25950	molbiol.ru
25960	cmbank.ru
25962	fonmix.ru
25985	rutubelist.ru
26010	utkacraft.ru
26015	borda.ru
26047	nmgdev.ru
26063	cyberok.ru
26068	mipt.ru
26092	ofd-initpro.ru
26107	nodacdn.ru
26108	red-soft.ru
26127	rustest.ru
26146	sostav.ru
26216	rt-solar.ru
26220	doctorrb.ru
26270	bzsn.ru
26279	hwfs.ru
26296	it-outsrc.ru
26309	urentbike.ru
26332	broker.ru
26357	mai.ru
26361	agency2.ru
26421	exist.ru
26441	hostak.ru
26450	nn.ru
26463	smsc.ru
26489	gilasopoll.ru
26554	vitrinabeat.ru
26583	arcticspg.ru
26606	tlintegration.ru
26612	sibirasabbi.ru
26636	ezizgulmyratmix.ru
26655	guns.ru
26659	reddock.ru
26709	nskes.ru
26730	tunnely.ru
26766	love.ru
26778	gametech-app.ru
26794	dom.ru
26799	m24.ru
26825	gravitel.ru
26828	cn.ru
26867	dp.ru
26872	pilagaww.ru
26902	izvestia.ru
26906	wavesend.ru
26909	spbstu.ru
26919	vstation.ru
26928	axelname.ru
26954	zetsource.su
26957	mokka.ru
27037	directadvert.ru
27040	re-store.ru
27057	billing.ru
27071	snob.ru
27167	technomoscow.ru
27173	1001tur.ru
27175	amgradio.ru
27181	relines.ru
27189	corbina.ru
27206	tripster.ru
27214	etherstress.su
27224	fsk-ees.ru
27226	pnp.ru
27260	it-is.ru
27283	mm.ru
27312	usedesk.ru
27313	mosline.ru
27332	ellcom.ru
27442	dobro.ru
27448	mmk.ru
27451	vkusnoitochka.ru
27477	ntvshara.ru
27491	krista.ru
27513	omgcloud.ru
27517	i-trailer.ru
27543	skwstat.ru
27559	megasoft.ru
27675	tvzvezda.ru
27687	stpulscen.ru
27701	tadviser.ru
27703	t21v.ru
27704	hotlog.ru
27706	abvpn.ru
27708	domains.ru
27751	imageban.ru
27764	lancloud.ru
27783	goha.ru
27794	eyekraft.ru
27807	postgrespro.ru
27810	gbooking.ru
27860	fa.ru
27898	halvacard.ru
27902	metro-cc.ru
27961	minjust.ru
27969	bmstu.ru
28001	hoff.ru
28004	sbermarketing.ru
28041	trcont.ru
28065	baz-on.ru
28107	rtk-service.ru
28139	givc.ru
28164	napopravku.ru
28205	ipserver.su
28210	njcar.ru
28215	escapefromtarkov.ru
28268	transneft.ru
28316	ptsecurity.ru
28347	neftm.ru
28361	sps-holding.ru
28398	baikalsr.ru
28408	sberbank-service.ru
28415	starhit.ru
28439	mobile-api.ru
28473	tochkak.ru
28495	pamyat-naroda.ru
28515	pink-service.ru
28539	katren.ru
28541	dapl.ru
28594	rufox.ru
28598	udmvt.ru
28688	helix.ru
28719	libreview.ru
28728	toyohara.ru
28734	platformaofd.ru
28750	homecredit.ru
28756	netraidly.ru
28759	novmedtech.ru
28793	xn--d1aqf.xn--p1ai
28801	uralsibbank.ru
28823	autodoc.ru
28827	yavitrina.ru
28879	fsvps.ru
28885	part-kom.ru
28911	bsuedu.ru
28933	enplus.ru
28945	1prime.ru
28952	sobaka.ru
28954	pravoslavie.ru
28958	crystals.ru
28961	grandtrain.ru
28969	1c-edo.ru
29017	interfax-russia.ru
29031	slcloud.ru
29073	stratum1.ru
29074	mirniy-sp.ru
29101	dengisrazy.ru
29141	auto-vision.ru
29149	deckhouse.ru
29182	suek.ru
29244	ccsteam.ru
29295	vokrugsveta.ru
29296	theins.ru
29298	svpressa.ru
29311	irk.ru
29373	gipsyteam.ru
29386	ofd.ru
29414	vitaexpress.ru
29431	mrsk-1.ru
29495	qui-quo.ru
29541	coldbookfly.ru
29666	vip-site1.ru
29694	tattelecom.ru
29707	euro-football.ru
29728	metro-set.ru
29766	tetrika-school.ru
29781	nsi.ru
29788	avtograd.ru
29823	php-myadmin.ru
29866	orb.ru
29874	securitylab.ru
29925	utair.ru
29932	sogaz.ru
29979	mysmartflat.ru
29999	ascon.ru
30006	customs.ru
30025	merlion.ru
30032	pepper.ru
30107	mt.ru
30116	fortex.ru
30129	freilassing.ru
30197	sparrow.ru
30245	avantel.ru
30327	obit.ru
30361	mgts-spdop.ru
30367	astralinux.ru
30403	ssau.ru
30408	sampo.ru
30435	pbservers.ru
30456	yapfiles.ru
30466	multifactor.ru
30525	rfc-revizor.ru
30533	uspu.ru
30543	xn--90aivcdt6dxbc.xn--p1ai
30577	salesmarketmsk.ru
30633	soglasie.ru
30638	modulbank.ru
30656	smuzimaxi.ru
30683	kirlediuka.ru
30692	techinsider.ru
30728	sngb.ru
30730	sledcom.ru
30759	otclick.ru
30807	mtw.ru
30808	sfu-kras.ru
30819	lsr.ru
30849	infourok.ru
30858	rdb.ru
30861	q18.ru
30946	backorder.ru
30949	mtsdengi.ru
30954	setka.ru
30970	q-bid.ru
30971	bobdaytech.ru
30979	mlg.ru
30980	kdvm.ru
31010	fragrantica.ru
31040	yastatic-net.ru
31058	tomica.ru
31095	sberhealth.ru
31145	cybersport.ru
31146	zdravcity.ru
31196	kubnews.ru
31206	onlinetrade.ru
31215	officemag.ru
31221	omk.ru
31230	cnii-volna.ru
31231	regruhosting.ru
31233	stream.ru
31234	b17.ru
31235	uralsib.ru
31237	qsolution.ru
31254	ofd-ya.ru
31259	smart-lab.ru
31278	egov66.ru
31302	sidorovcloud.ru
31326	sbermegamarket.ru
31346	mtdata.ru
31353	nsk.su
31361	conhos.ru
31409	phoenixit.ru
31437	nebusfinance.ru
31438	highalanfull.ru
31472	konaman.ru
31497	direct-credit.ru
31505	hhcdn.ru
31532	ssfm.ru
31535	dsp-rambler.ru
31569	bkfortuna.ru
31577	gemotest.ru
31618	chat.ru
31627	nm.ru
31640	fciit.ru
31684	ticketland.ru
31687	salsalpolox.ru
31707	onpbx.ru
31743	adserving.ru
31751	uralschool.ru
31767	emex.ru
31786	zarplata.ru
31814	tsum.ru
31816	getbb.ru
31841	service-online.su
31854	grampus-server.ru
31859	eldorado.ru
31866	citkuban.ru
31878	talantiuspeh.ru
31899	isse-russia.ru
31905	tophotels.ru
31978	ficto.ru
31995	fss.ru
32001	orel.ru
32011	sttsmntz.ru
32031	chitai-gorod.ru
32041	altabank.ru
32082	bunkr.ru
32128	pravmir.ru
32145	pari.ru
32148	bicotender.ru
32206	msudrf.ru
32218	vetrf.ru
32253	mccme.ru
32267	yamallng.ru
32296	amdm.ru
32345	fsrar.ru
32368	skillbox.ru
32374	odkl.ru
32389	mininform-nnov.ru
32411	14emeliaterracewestroxburyma02132.su
32413	aismo.ru
32467	sovsport.ru
32470	sletat.ru
32479	ixora.ru
32483	www1.ru
32498	patriarchia.ru
32682	sberfactoring.ru
32708	taximaster.ru
32710	avp.ru
32713	mirdomovyat.ru
32714	newizv.ru
32737	n3health.ru
32772	openhd.ru
32774	dadata.ru
32794	school4-dinsk.ru
32804	ingate.ru
32817	puls.ru
32842	orionnet.ru
32854	av.ru
32869	europeanbc.ru
32891	triumvirat.ru
32910	chipdip.ru
32936	bookmaker-ratings.ru
32939	hosted-by-vdsina.ru
32977	rt-dc.ru
33042	lite-host.su
33081	essencedrive.su
33104	armtek.ru
33105	flypobeda.ru
33115	zhky.ru
33131	edusite.ru
33193	statad.ru
33204	rmdsp.ru
33207	nskeeper.ru
33211	rusneb.ru
33222	tinkoffjournal.ru
33226	copycon.ru
33236	kentek.ru
33305	major-design.ru
33314	uralsbyt.ru
33322	pfrf.ru
33339	lynxoft.ru
33370	fabit.ru
33400	cse.ru
33405	slb.ru
33407	mskobr.ru
33410	spletnik.ru
33435	argo-net.su
33446	suprion.ru
33506	gov39.ru
33513	gks.ru
33538	umi.ru
33546	websender.ru
33551	glonasssoft.ru
33601	tverreg.ru
33602	soccer.ru
33617	reso.ru
33624	listbb.ru
33639	ooonet.ru
33688	m2b-log.ru
33717	fl.ru
33719	bazr.ru
33721	ultrastar.ru
33759	krskstate.ru
33763	unirusgroup.ru
33798	rambler-co.ru
33805	babyblog.ru
33813	ruskline.ru
33819	rendez-vous.ru
33840	pwrs.ru
33863	sberclass.ru
33894	kdmid.ru
33935	astral.ru
33949	teamo.ru
33951	san.ru
33956	ptvr.ru
33991	webim2.ru
34028	zcdn.ru
34034	phoenix-dnr.ru
34050	rl0.ru
34068	bookmate.ru
34126	pulscen.ru
34222	ispring.ru
34241	zaoshang.ru
34246	jftechws.ru
34270	tais.ru
34291	ruvr.ru
34315	apteka-april.ru
34358	rwsh.ru
34367	progorod43.ru
34368	chita.ru
34383	poryadok.ru
34399	plusofon.ru
34405	icmdb.ru
34406	sci-hub.ru
34424	msu.su
34434	digift.ru
34447	admile.ru
34496	premierzal.ru
34577	mpei.ru
34603	calend.ru
34652	vps-server.ru
34708	eurobyte.ru
34715	prufy.ru
34725	gcom.ru
34741	wi-fi.ru
34752	pr-cy.ru
34772	srg-it.ru
34775	demts.ru
34776	muztorg.ru
34824	wazzup24.ru
34837	flnet.su
34850	qip.ru
34906	autocrm.ru
34918	wbpay.ru
34942	betcity24.ru
34970	sistyle.ru
35010	minfin.ru
35015	ellco.ru
35021	7gis.ru
35028	robokassa.ru
35046	nextrp.ru
35070	regions.ru
35077	rsv.ru
35106	tilda.ru
35157	gkdionis.ru
35163	ru.ru
35170	elpts.ru
35208	getads.ru
35226	shinservice.ru
35302	biglion.ru
35304	systeme.ru
35307	rfs.ru
35311	clinica-plus.ru
35317	voxys.ru
35347	domrfbank.ru
35349	initpro.ru
35363	agropoliya.ru
35387	syncweb.ru
35395	oblakoteka.ru
35425	tenchat.ru
35486	allcafe.ru
35499	telekom.ru
35508	tinsurance.ru
35527	capycore.ru
35576	opennet.ru
35583	iconsoft.ru
35600	pinterest.ru
35621	maximonline.ru
35673	nichost.ru
35675	sndsy.ru
35676	baz-on3.ru
35707	lockobank.ru
35714	jehost.ru
35716	pg21.ru
35738	ageroyx.ru
35748	mosgorzdrav.ru
35799	clodo.ru
35801	rwb.ru
35804	fsb.ru
35805	dholding.ru
35812	wibes.ru
35829	infolink.ru
35854	ymdxm3qa9p.ru
35862	kpfu.ru
35870	design.ru
35904	wb-bank.ru
35909	zxz.su
35926	locotech.ru
35952	planetazdorovo.ru
35962	alregn.ru
35978	vnukovo.ru
36044	sbdv.ru
36055	ak-core.ru
36066	reconn.ru
36077	forumhouse.ru
36102	sura.ru
36122	netsol.su
36127	mws.ru
36240	manzanagroup.ru
36242	xn--80aapampemcchfmo7a3c9ehj.xn--p1ai
36323	intellin-tech.ru
36346	agregatoreat.ru
36418	askona.ru
36422	misis.ru
36536	gamenet.ru
36544	prodmp.ru
36548	rivegauche.ru
36616	beehidden.ru
36624	podolsknet.ru
36674	edu.ru
36689	internetid.ru
36692	itecorp.ru
36736	advideo.ru
36739	bgoperator.ru
36742	teletarget.ru
36782	leon.ru
36820	androeed.ru
36827	qms.ru
36892	alfacapital.ru
36894	r-ulybka.ru
36944	rinet.ru
36991	astrobl.ru
36999	lipetsk.ru
37023	afftech.ru
37043	gost.ru
37145	artlebedev.ru
37165	mybusiness38.ru
37193	avtovokzaly.ru
37238	sberbank-ast.ru
37250	mgimo.ru
37251	vertikal-net.ru
37264	killbot.ru
37347	sgu.ru
37349	reginc.ru
37361	starateli.ru
37375	fedpress.ru
37419	medsigroup.ru
37481	holyworld.ru
37511	list.ru
37570	betcitybk.ru
37593	tradedealer.ru
37607	rb.ru
37609	gdemoi.ru
37619	pravoslavnye.ru
37641	maria-ra.ru
37660	cosmosgroup.ru
37667	andata.ru
37703	hostline.ru
37704	siteholder.ru
37718	applepie-recipe.ru
37723	rbauto.ru
37749	gramota.ru
37754	bankline.ru
37758	businessstudio.ru
37777	rulive.ru
37781	finnautoparts.ru
37830	big3.ru
37854	110km.ru
37874	sigma.ru
37878	gmonit.ru
37882	100sp.ru
37883	subv.ru
37897	74.ru
37949	smotriege.ru
38011	taxivse.ru
38027	igromania.ru
38075	nash-dom2.su
38096	asburo.ru
38109	mybb.ru
38137	itlab73.ru
38186	n1.ru
38201	iitrust.ru
38214	srvrsdns.ru
38234	stc-groups.ru
38243	zin.ru
38250	artnow.ru
38299	tdera.ru
38355	kaiten.ru
38416	oisrf.ru
38425	airnet.ru
38428	maxnet.ru
38464	anekdot.ru
38481	znanierussia.ru
38524	comss.ru
38529	svk-native.ru
38532	tatenergo.ru
38564	turizm.ru
38591	flex.ru
38593	docker.ru
38611	iikoweb.ru
38639	domainparking.ru
38652	online-express.ru
38675	ymjkjrm98m.ru
38720	dlink.ru
38723	jinr.ru
38737	vtb24.ru
38794	labsystech.ru
38798	foxford.ru
38841	rtlabs.ru
38846	yookassa.ru
38870	kodeks.ru
38981	ao-esp.ru
39021	webzavod.ru
39035	mscs.ru
39070	eurochem.ru
39108	bazookavpn.ru
39116	tpprf.ru
39117	ifedata.ru
39118	lognex.ru
39119	autorus.ru
39138	zao-agrokomplex.ru
39163	asu.ru
39243	hc.ru
39273	apiauto.ru
39283	dxbx.ru
39284	azimut.ru
39294	pizzasoft.ru
39328	krasnodar.ru
39369	sk.ru
39378	ttarget.ru
39393	securitm.ru
39406	aptechestvo.ru
39425	ustaliy.ru
39436	metaratings.ru
39449	sudact.ru
39489	intourist.ru
39493	global-x.ru
39506	infostart.ru
39552	korabli.su
39619	gpbl.ru
39649	readone.ru
39766	vm.ru
39773	primamedia.ru
39789	fedresurs.ru
39797	sbercity.ru
39819	stopgame.ru
39826	tlauncher.ru
39859	netbynet.ru
39879	alarmtrade.ru
39885	risp.ru
39891	hldns.ru
39895	uralairlines.ru
39897	expired.ru
39905	eg.ru
39948	muzkult.ru
39960	skrinshoter.ru
40007	unmixed.ru
40018	vsemayki.ru
40022	gdeslon.ru
40024	myarena.ru
40036	it-lite.ru
40073	nashvybor2021.ru
40084	invbox.ru
40098	cleverence.ru
40110	lightsoft.ru
40113	itp-forum.ru
40117	fiord.ru
40141	msk-ix.ru
40146	vcmk.ru
40159	omnidesk.ru
40189	alfaleasing.ru
40205	forconect.ru
40211	mylove.ru
40216	berg.ru
40244	cdns.su
40262	motiw.ru
40266	best-hosting.ru
40276	collector.ru
40278	rrv.ru
40281	open.ru
40283	astv.ru
40293	miko.ru
40322	uralweb.ru
40327	dasreda.ru
40328	snsv.ru
40343	2ch.su
40353	bestchange.ru
40367	etersoft.ru
40427	peterhost.ru
40450	adme.ru
40474	salutejazz.ru
40478	techdsp.ru
40493	legioncom.ru
40504	rostrud.ru
40550	inprotect.ru
40575	pruffme.ru
40588	stanford.ru
40626	wotpack.ru
40648	ecco.ru
40653	blablacar.ru
40666	yowindow.ru
40723	without.ru
40749	mobilon.ru
40818	nsportal.ru
40850	billingonline.ru
40862	jobfilter.ru
40864	ab-ct.ru
40875	edadeal.ru
40888	amic.ru
40911	tourister.ru
40933	kktlab.ru
41084	ucheba.ru
41091	ifmo.ru
41142	fishcloud.ru
41234	snparking.ru
41289	webnames.ru
41401	mind-hunter.ru
41419	gov-murman.ru
41426	teleproxy.ru
41436	tech-naumovfq.ru
41437	spark-rostov.ru
41462	rtcomm.ru
41486	gamegrow.ru
41591	by.ru
41622	infox.ru
41654	mgsu.ru
41687	vidal.ru
41690	fantlab.ru
41705	stark-it.ru
41787	leroymerlin.ru
41807	el5-energo.ru
41837	comcor.ru
41899	avto.ru
41913	paymo.ru
41925	emk.ru
41927	u-mama.ru
41963	atorus.ru
41981	ahml.ru
41999	otr-online.ru
42039	nrservice.ru
42076	etpgpb.ru
42089	avtodor-tr.ru
42092	atsaero.ru
42095	rkomi.ru
42104	concept7.ru
42166	hhdev.ru
42177	itdemon.ru
42191	cms-hosting.ru
42227	agrohold.ru
42286	dreamjob.ru
42304	anketolog.ru
42369	scloud.ru
42371	eda1.ru
42412	rightarion.ru
42433	rostgroup.ru
42466	rmm9.ru
42501	alltime.ru
42527	platformalp.ru
42565	tendence.ru
42583	justclick.ru
42608	vsw.ru
42612	drp.su
42727	tvrain.ru
42749	ats-telecom.ru
42760	joxnet.ru
42790	liveresult.ru
42799	convex.ru
42832	mcgrp.ru
42835	freshauto.ru
42843	sistema.ru
42856	okdesk.ru
42857	eksmo.ru
42866	pkbonline.ru
42888	dikidi.ru
42917	checko.ru
42931	mob-edu.ru
42943	clz.ru
42953	diary.ru
43054	sibur.ru
43102	infoclinica.ru
43104	miranda-media.ru
43114	winlinebet.ru
43135	ym68ejbdzn.ru
43171	avangard.ru
43200	cleversite.ru
43222	klops.ru
43263	ic-group.ru
43280	yito.ru
43283	gardatech.ru
43303	domainseller.ru
43344	dkc.ru
43353	ucs.ru
43367	msk1.ru
43386	ddxfitness.ru
43485	geohide.ru
43512	ugmk-telecom.ru
43514	alexunderboots.ru
43527	winestyle.ru
43562	stolichki.ru
43587	nplus1.ru
43623	minivk.ru
43633	okmp3.ru
43657	pravo.ru
43702	dns-diplom.ru
43710	acomics.ru
43776	rea.ru
43791	kzn.ru
43805	sirus.su
43808	mailop.ru
43846	resanta.ru
43863	ectostroy.ru
43865	transfiles.ru
43881	sbermarket.ru
43887	amediateka.ru
43889	dolyame.ru
43890	povar.ru
43900	bristol.ru
43912	price.ru
43947	sirena-travel.ru
43950	vsrobotics.ru
43955	m2.ru
44012	vsembed.ru
44028	metwell.ru
44061	bl62.ru
44087	verme.ru
44142	avtoto.ru
44184	gcore.ru
44198	agava.ru
44290	mos-gorsud.ru
44316	elcom.ru
44338	yzewe.ru
44365	orenobl.ru
44391	unisender.ru
44460	svetoch-opk.ru
44469	diasoft.ru
44470	vbglenobl.ru
44482	rb1rm.ru
44510	donland.ru
44541	instaninna.ru
44544	mathnet.ru
44550	lenobl.ru
44552	cheby.ru
44588	servers.ru
44596	idaprikol.ru
44598	marathonbet.ru
44611	boxberry.ru
44623	litebox.ru
44638	sibirix.ru
44640	4game.ru
44678	gitverse.ru
44694	fozzy.ru
44708	alp.ru
44713	pac.ru
44722	tk-kit.ru
44737	minsvyaz.ru
44775	metromax.ru
44787	rusagrogroup.ru
44812	misupport.ru
44864	globus.ru
44922	corpsoft24.ru
44933	radiorecord.ru
44954	express-shina.ru
44958	reallyworld.ru
44976	comstar.ru
44980	gibdd.ru
45003	argumenti.ru
45019	wciom.ru
45076	vaseline.su
45097	elcode.ru
45103	click.ru
45106	privateperson.ru
45202	domashniy.ru
45283	miramiyujmo.ru
45318	grattis.ru
45336	i-novus.ru
45377	fms-udm.ru
45384	gounn.ru
45427	technoserv.ru
45448	pravdnr.ru
45449	6ahddutb1ucc3cp.ru
45488	oplata.ru
45502	medsi.ru
45518	solverweb.ru
45535	tnt-online.ru
45538	movix.ru
45627	moe-online.ru
45650	mzsakha.ru
45722	streamgo.ru
45771	utcorp.ru
45778	rlisystems.ru
45802	mv.ru
45834	vsk.ru
45845	fssoft.ru
45862	stparts.ru
45928	audit-it.ru
46027	fitauto.ru
46031	ovkuse.ru
46056	parts-soft.ru
46093	grfc.ru
46099	netrack.ru
46117	s3-rus.ru
46135	pr-lg.ru
46140	arriah.ru
46155	transitcard.ru
46166	citydrive.ru
46178	softonic.ru
46227	sevastopol.su
46248	povarenok.ru
46266	security-sbrf.ru
46274	domrf.ru
46292	miranimbus.ru
46354	asi.ru
46427	rusfishing.ru
46489	burmed.ru
46528	mrsu.ru
46602	utro.ru
46605	akron-holding.ru
46694	anketka.ru
46823	computerra.ru
46826	flamp.ru
46894	crrpay.ru
46924	datago.ru
46934	teleos.ru
47014	ipipe.ru
47047	uralmash.ru
47066	teslatel.ru
47072	kant.ru
47082	ykt.ru
47103	samsonopt.ru
47112	kefirgames.ru
47130	lada.ru
47146	dns-root.ru
47147	susu.ru
47181	cdnrtbsape.ru
47183	russights.ru
47189	rustt.ru
47217	tvc.ru
47316	1sept.ru
47341	agroeco.ru
47366	trustpool.ru
47368	santehnika-online.ru
47391	chilbi.ru
47436	gpm-ssp.ru
47445	rusvesna.su
47469	72.ru
47490	xn--80aaf4afvkjgic0i.xn--p1ai
47525	primorsky.ru
47582	joblab.ru
47607	mkrf.ru
47655	midural.ru
47668	aerstal.ru
47771	museum.ru
47800	spark.ru
47802	twinby.ru
47897	goodgame.ru
47975	ukraina.ru
47978	f1news.ru
47994	2090000.ru
47998	ksmn-myski.ru
48004	superkassa.ru
48016	cpx.ru
48045	otr.ru
48055	school60br.ru
48091	bcs-express.ru
48103	riamediabank.ru
48107	yuz.ru
48128	naukatech.ru
48131	kinoplan24.ru
48155	pinspb.ru
48228	time-messenger.ru
48249	i9dhjx.ru
48250	shazoo.ru
48260	lacerta.ru
48264	segmenta.ru
48269	rbldns.ru
48275	webhost1.ru
48290	autonews.ru
48292	tusur.ru
48315	xn--80akicokc0aablc.xn--p1ai
48328	zaymer.ru
48345	ncnet.ru
48367	iphones.ru
48402	sportsdzen.ru
48441	pyn.ru
48459	bankiros.ru
48501	tstu.ru
48506	tlgrm.ru
48536	nbki.ru
48547	dreamkas.ru
48578	erzrf.ru
48588	russoutdoor.ru
48602	colizeumarena.ru
48610	sarky.ru
48614	mts-cdn.ru
48616	pravilamag.ru
48635	omskportal.ru
48672	npfalliance.ru
48719	tu-tu.ru
48732	qy0.ru
48735	glavkniga.ru
48752	carbonsoft.ru
48776	fssprus.ru
48781	belkacar.ru
48813	rappro.ru
48840	bombardir.ru
48916	cishost.ru
49077	bit-live.ru
49145	govvrn.ru
49177	redcom.ru
49202	etm.ru
49206	rncb.ru
49219	i7.ru
49228	nsd.ru
49239	gitflic.ru
49260	localdev.ru
49315	libcat.ru
49339	vostok-electra.ru
49355	mediametrics.ru
49361	brokerkf.ru
49364	projservices.ru
49390	e-mordovia.ru
49397	caravan.ru
49401	gogov.ru
49415	ipv6tracker.ru
49422	compumir.ru
49426	cinelab.ru
49450	fishserver.ru
49515	sport.ru
49518	bigpicture.ru
49547	finuslugi.ru
49580	nkj.ru
49582	titan2.ru
49611	ofd-magnit.ru
49612	atlex.ru
49613	countrycom.ru
49655	blizko.ru
49722	topcor.ru
49758	nlr.ru
49839	mastertel.ru
49892	i-free.ru
49912	lgz.ru
49920	promportal.su
49932	berliz15.ru
49945	kinoteatr.ru
49952	profintel.ru
